"Date","Google","bing","Yahoo!","Baidu","YANDEX","YANDEX RU","Ask Jeeves","DuckDuckGo","Naver","AOL","Haosou","Sogou","Babylon","Shenma","Seznam","Conduit","MSN","Mail.ru","Ecosia","Webcrawler","Daum","CocCoc","StartPagina (Google)","AVG Search","SweetIM","Windows Live","Other"
2009-01,90.25,0,5.91,0,0,0.16,0.4,0,0,0.48,0,0,0,0,0,0,1.37,0,0,0,0,0,0.07,0,0,1.09,0.28
2009-02,89.69,0,5.74,0,0,0.19,0.39,0,0.01,0.46,0,0,0,0,0,0,1.46,0,0,0,0,0,0.07,0,0,1.79,0.2
2009-03,89.14,0,6.01,0.21,0,0.18,0.41,0,0.01,0.51,0,0,0,0,0,0,1.46,0,0,0.01,0,0,0.07,0,0,1.8,0.19
2009-04,89.91,0,5.47,0.22,0,0.2,0.37,0,0.02,0.44,0,0,0,0,0.03,0,1.25,0,0,0.04,0,0,0.05,0,0,1.81,0.18
2009-05,89.86,0,5.25,0.38,0,0.21,0.4,0,0.02,0.43,0,0,0,0,0.03,0,1.3,0,0,0.04,0,0,0.06,0,0,1.86,0.17
2009-06,89.85,3.24,5.14,0.46,0,0.2,0.34,0,0.02,0.4,0,0,0,0,0.08,0,0.01,0,0,0.04,0,0,0.05,0,0,0.02,0.15
2009-07,89.28,3.57,5.17,0.5,0,0.19,0.32,0,0.01,0.39,0,0,0,0,0.32,0,0,0,0,0.04,0,0,0.05,0,0,0,0.15
2009-08,89.62,3.55,4.82,0.58,0,0.19,0.33,0,0.01,0.37,0,0,0,0,0.31,0,0,0,0,0.03,0,0,0.05,0,0,0,0.14
2009-09,90.6,3.22,4.34,0.46,0,0.19,0.33,0,0.01,0.34,0,0,0,0,0.27,0,0,0,0,0.03,0,0,0.05,0,0,0,0.14
2009-10,90.86,3.28,4.08,0.4,0,0.24,0.33,0,0.02,0.29,0,0,0,0,0.27,0,0,0,0,0.02,0,0,0.05,0,0,0,0.13
2009-11,91.43,2.96,3.93,0.31,0,0.23,0.36,0,0.03,0.29,0,0,0,0,0.25,0,0,0,0,0.02,0,0,0.05,0,0,0,0.14
2009-12,91.3,3.23,3.87,0.34,0,0.24,0.35,0,0.03,0.27,0,0,0,0,0.17,0,0,0,0,0.02,0,0,0.05,0,0,0,0.13
2010-01,90.86,3.37,4.08,0.36,0,0.25,0.41,0,0.08,0.29,0,0,0,0,0.08,0,0,0,0,0.03,0,0,0.06,0,0,0,0.14
2010-02,90.6,3.6,4.14,0.3,0,0.24,0.45,0,0.07,0.31,0,0,0,0,0.05,0,0,0,0,0.03,0,0,0.06,0,0,0,0.15
2010-03,90.67,3.51,4.15,0.33,0,0.23,0.42,0,0.14,0.28,0,0,0,0,0.05,0,0,0,0,0.03,0,0,0.06,0,0,0,0.14
2010-04,90.53,3.51,4.22,0.42,0,0.23,0.41,0,0.12,0.29,0,0,0,0,0.04,0,0.01,0,0,0.03,0,0,0.05,0,0,0,0.13
2010-05,90.6,3.48,4.22,0.37,0,0.23,0.4,0,0.12,0.3,0,0,0,0,0.05,0,0.01,0,0,0.03,0,0,0.06,0,0,0,0.13
2010-06,90.25,3.67,4.32,0.4,0,0.23,0.41,0,0.15,0.31,0,0,0,0,0.05,0,0.01,0,0,0.03,0,0,0.05,0,0,0,0.13
2010-07,90.79,3.66,3.81,0.36,0,0.25,0.43,0,0.13,0.29,0,0,0,0,0.06,0,0.01,0,0,0.03,0,0,0.05,0,0,0,0.13
2010-08,91.44,3.32,3.58,0.32,0,0.27,0.41,0,0.13,0.26,0,0,0,0,0.06,0,0.01,0,0,0.03,0,0,0.06,0,0,0,0.11
2010-09,91.59,3.34,3.46,0.28,0,0.3,0.4,0,0.13,0.23,0,0,0,0,0.05,0,0.01,0,0,0.03,0.03,0,0.05,0,0,0,0.11
2010-10,91.41,3.38,3.54,0.27,0,0.33,0.4,0,0.18,0.21,0,0,0,0,0.04,0,0,0,0,0.03,0.05,0,0.05,0,0,0,0.09
2010-11,91.13,3.31,3.84,0.33,0,0.34,0.38,0,0.21,0.21,0,0,0,0,0.05,0,0,0,0,0.03,0.04,0,0.05,0,0,0,0.08
2010-12,90.82,3.39,4.02,0.32,0,0.35,0.37,0,0.28,0.2,0,0,0,0,0.05,0,0,0,0,0.03,0.05,0,0.05,0,0,0,0.08
2011-01,90.4,4.12,3.88,0.32,0,0.31,0.35,0,0.19,0.2,0,0,0,0,0.05,0,0,0,0,0.03,0.04,0,0.05,0,0,0,0.08
2011-02,90.23,4.22,3.84,0.3,0,0.34,0.34,0,0.21,0.19,0,0,0,0,0.04,0,0,0,0,0.03,0.03,0,0.05,0.05,0,0,0.12
2011-03,90.41,4.07,3.85,0.33,0,0.37,0.31,0,0.17,0.18,0,0,0,0,0.04,0,0,0,0,0.02,0.03,0,0.04,0.05,0,0,0.12
2011-04,90.61,3.84,3.72,0.52,0,0.34,0.33,0,0.17,0.19,0,0,0,0,0.04,0,0,0,0,0.02,0.03,0,0.04,0.06,0,0,0.11
2011-05,91.07,3.68,3.46,0.36,0,0.27,0.35,0,0.22,0.23,0,0,0,0,0.04,0,0,0,0,0.01,0.03,0,0.04,0.12,0,0,0.12
2011-06,91.61,3.1,3.44,0.33,0,0.27,0.34,0,0.27,0.23,0,0,0,0,0.05,0,0,0,0,0.01,0.02,0,0.04,0.18,0,0,0.12
2011-07,91.4,3.24,3.44,0.3,0,0.26,0.37,0,0.33,0.22,0,0,0,0,0.05,0,0,0,0,0.01,0.02,0,0.04,0.18,0,0,0.11
2011-08,91.33,3.16,3.53,0.3,0,0.27,0.36,0,0.39,0.22,0,0,0,0,0.06,0,0,0,0,0.01,0.02,0,0.04,0.18,0,0,0.11
2011-09,91.25,3.29,3.59,0.28,0,0.27,0.35,0,0.37,0.21,0,0,0,0,0.04,0,0,0,0,0.01,0.02,0,0.04,0.16,0,0,0.11
2011-10,91.2,3.36,3.59,0.26,0,0.27,0.37,0,0.38,0.21,0,0,0,0,0.05,0,0,0,0,0.01,0.02,0,0.04,0.12,0,0,0.12
2011-11,91.55,3.42,3.41,0.27,0,0.29,0.35,0,0.18,0.2,0,0,0,0,0.05,0,0,0,0,0.01,0.02,0,0.04,0.1,0,0,0.11
2011-12,91.77,3.34,3.31,0.26,0,0.32,0.33,0,0.19,0.2,0,0,0,0,0.05,0,0,0,0,0.01,0.03,0,0.04,0.05,0,0,0.11
2012-01,91.98,3.33,3.21,0.21,0,0.34,0.33,0,0.16,0.19,0,0,0,0,0.05,0,0,0,0,0.01,0.02,0,0.04,0.02,0,0,0.11
2012-02,92.2,3.24,3.2,0.24,0,0.35,0.32,0,0.02,0.18,0,0,0,0,0.05,0,0,0,0,0.01,0.03,0,0.04,0.01,0,0,0.11
2012-03,92.41,3.11,3.14,0.23,0,0.37,0.31,0,0.03,0.17,0,0,0,0,0.04,0,0,0,0,0.01,0.02,0,0.03,0.01,0,0,0.11
2012-04,92.14,3.26,3.24,0.24,0,0.36,0.31,0,0.03,0.17,0,0,0,0,0.05,0,0,0,0,0.01,0.02,0,0.04,0.01,0,0,0.12
2012-05,92.46,3.13,3.15,0.2,0,0.35,0.29,0,0.02,0.16,0,0,0,0,0.05,0,0,0,0,0.01,0.01,0,0.03,0.01,0,0,0.12
2012-06,92.24,3.02,2.95,0.21,0,0.33,0.28,0,0.02,0.16,0,0,0.26,0,0.05,0.21,0.01,0,0,0.01,0.01,0,0.03,0.01,0.07,0,0.12
2012-07,91.75,2.96,2.86,0.41,0,0.32,0.29,0,0.02,0.16,0,0,0.48,0,0.05,0.37,0.01,0,0,0.01,0.02,0,0.03,0,0.12,0,0.12
2012-08,91.64,2.95,2.88,0.45,0.04,0.31,0.29,0.01,0.02,0.17,0,0,0.53,0,0.05,0.37,0,0,0,0.01,0.01,0,0.03,0,0.11,0,0.12
2012-09,91.63,2.9,2.83,0.44,0.07,0.31,0.3,0.03,0.02,0.18,0.02,0,0.54,0,0.05,0.37,0,0,0,0.01,0.01,0,0.03,0,0.13,0,0.11
2012-10,91.26,3.12,2.88,0.5,0.12,0.34,0.27,0.01,0.02,0.17,0.06,0,0.53,0,0.05,0.37,0,0,0,0.01,0.02,0,0.03,0,0.14,0,0.1
2012-11,91.28,3.06,2.83,0.53,0.13,0.33,0.26,0,0.02,0.16,0.06,0,0.54,0,0.05,0.4,0,0,0,0.02,0.02,0,0.03,0,0.16,0,0.1
2012-12,91.05,2.98,2.89,0.61,0.16,0.32,0.39,0,0.02,0.17,0.09,0,0.48,0,0.05,0.44,0,0,0,0.02,0.02,0,0.03,0,0.16,0,0.09
2013-01,91,2.92,2.94,0.6,0.21,0.33,0.42,0,0.03,0.18,0.1,0,0.42,0,0.06,0.44,0,0,0,0.02,0.02,0,0.03,0,0.16,0,0.09
2013-02,90.24,3.28,3.22,0.73,0.23,0.38,0.42,0,0.04,0.19,0.16,0,0.34,0,0.06,0.39,0,0,0,0.03,0.02,0,0.03,0,0.15,0,0.08
2013-03,90.51,3.26,3.23,0.87,0.22,0.38,0.16,0,0.04,0.17,0.24,0,0.25,0,0.07,0.32,0,0,0,0.03,0.02,0,0.03,0,0.11,0,0.08
2013-04,90.78,3.29,3.13,0.84,0.25,0.34,0.12,0,0.04,0.16,0.23,0,0.23,0,0.06,0.27,0.01,0,0,0.04,0.03,0,0.02,0,0.09,0,0.07
2013-05,90.86,3.4,2.99,0.86,0.27,0.3,0.12,0,0.06,0.14,0.23,0,0.23,0,0.06,0.23,0,0,0,0.03,0.03,0,0.02,0,0.04,0,0.1
2013-06,90.59,3.44,3,0.95,0.28,0.31,0.13,0.02,0.11,0.16,0.21,0,0.26,0,0.07,0.2,0,0,0,0.04,0.02,0,0.02,0,0.05,0,0.13
2013-07,90.54,3.51,3.06,0.98,0.19,0.32,0.13,0.01,0.16,0.18,0.19,0,0.24,0,0.06,0.18,0,0,0,0.06,0.03,0,0.02,0,0.05,0,0.07
2013-08,90.77,3.41,2.97,1,0.24,0.34,0.12,0.01,0.19,0.17,0.14,0,0.21,0,0.06,0.15,0,0,0,0.08,0.03,0,0.02,0,0.04,0,0.07
2013-09,90.4,3.62,3.08,0.96,0.27,0.36,0.12,0.05,0.24,0.16,0.14,0,0.17,0,0.06,0.12,0,0,0,0.1,0.03,0,0.02,0,0.03,0,0.07
2013-10,88.73,3.48,3.33,0.9,0.25,0.34,0.62,0.03,0.24,0.14,0.58,0.06,0.12,0,0.05,0.1,0,0.1,0,0.08,0.02,0,0.02,0.1,0.02,0,0.67
2013-11,89.04,3.4,3.3,0.9,0.28,0.34,0.62,0.02,0.21,0.14,0.51,0.07,0.09,0,0.05,0.09,0,0.12,0,0.09,0.02,0,0.02,0.08,0.02,0,0.58
2013-12,89.41,3.39,3.21,0.87,0.3,0.32,0.49,0.01,0.2,0.14,0.48,0.09,0.05,0,0.05,0.08,0,0.11,0,0.13,0.02,0,0.02,0.07,0.02,0,0.55
2014-01,90.11,3.51,2.72,0.81,0.31,0.32,0.49,0.02,0.22,0.15,0.38,0.08,0.04,0,0.05,0.07,0,0.11,0,0.11,0.01,0,0.02,0.06,0.02,0,0.41
2014-02,90.11,3.58,2.72,0.87,0.29,0.32,0.5,0.03,0.21,0.14,0.35,0.09,0.03,0,0.05,0.06,0,0.1,0,0.11,0.02,0,0.02,0.05,0.01,0,0.34
2014-03,89.27,3.66,3.39,0.88,0.34,0.32,0.55,0.06,0.19,0.22,0.37,0.09,0.03,0,0.05,0.05,0,0.09,0,0.07,0.02,0,0.02,0.05,0.01,0,0.3
2014-04,89.73,3.56,3.32,0.6,0.48,0.3,0.54,0.06,0.16,0.17,0.34,0.07,0.03,0,0.05,0.04,0,0.08,0,0.08,0.02,0,0.02,0.04,0.01,0,0.3
2014-05,90.02,3.58,3.47,0.48,0.42,0.28,0.53,0.07,0.2,0.14,0.13,0.06,0.03,0,0.06,0.04,0,0.07,0,0.07,0.02,0,0.02,0.04,0.01,0,0.26
2014-06,90.12,3.65,3.57,0.45,0.33,0.29,0.51,0.06,0.21,0.13,0.11,0.06,0.02,0,0.05,0.03,0,0.07,0,0.06,0.02,0,0.01,0.03,0.01,0,0.21
2014-07,89.47,3.84,3.99,0.52,0.32,0.3,0.52,0.03,0.19,0.13,0.11,0.07,0.02,0,0.05,0.03,0,0.07,0,0.06,0.02,0,0.02,0.03,0.01,0,0.21
2014-08,89.68,3.74,3.92,0.52,0.36,0.29,0.47,0.03,0.18,0.13,0.11,0.08,0.02,0,0.04,0.02,0,0.07,0,0.06,0.02,0,0.02,0.03,0.01,0,0.2
2014-09,89.77,3.75,3.95,0.51,0.3,0.3,0.47,0.04,0.17,0.13,0.11,0.08,0.02,0,0.04,0,0,0.07,0,0.04,0.01,0,0.01,0.03,0.01,0,0.2
2014-10,89.99,3.6,3.88,0.49,0.32,0.32,0.46,0.05,0.17,0.12,0.1,0.08,0.02,0,0.04,0,0.02,0.07,0,0.03,0.01,0,0.02,0.03,0.01,0,0.18
2014-11,90.08,3.52,3.78,0.54,0.34,0.32,0.51,0.04,0.15,0.12,0.11,0.09,0.01,0,0.04,0,0.02,0.07,0,0.04,0.01,0,0.01,0.02,0.01,0,0.17
2014-12,89.41,3.65,4.22,0.63,0.29,0.32,0.54,0.04,0.15,0.11,0.12,0.09,0.01,0,0.04,0,0.03,0.07,0,0.05,0.01,0,0.01,0.02,0.01,0,0.17
2015-01,89.62,3.61,4.19,0.63,0.27,0.31,0.51,0.06,0.17,0.11,0.02,0.08,0.01,0,0.05,0,0.03,0.07,0,0.04,0.01,0,0.02,0.02,0.01,0,0.17
2015-02,89.47,3.62,4.11,0.82,0.22,0.33,0.53,0.06,0.18,0.11,0.06,0.09,0.01,0,0.05,0,0.02,0.08,0,0.05,0.01,0,0.02,0.02,0.01,0,0.16
2015-03,89.52,3.48,3.96,0.89,0.22,0.33,0.57,0.09,0.16,0.1,0.14,0.11,0.01,0,0.05,0,0.04,0.08,0,0.05,0.01,0,0.02,0.02,0,0,0.15
2015-04,90.01,3.21,3.73,0.82,0.36,0.31,0.54,0.12,0.15,0.1,0.15,0.11,0.01,0,0.05,0,0.03,0.08,0,0.05,0.01,0,0.01,0.01,0,0,0.15
2015-05,90.24,3.04,3.56,0.91,0.44,0.28,0.48,0.12,0.17,0.1,0.21,0.1,0.01,0,0.05,0,0.03,0.07,0,0.04,0.01,0,0.01,0.01,0,0,0.13
2015-06,90.78,2.89,3.32,1.01,0.42,0.29,0.34,0.13,0.18,0.1,0.16,0.06,0.01,0,0.05,0,0.02,0.07,0,0.04,0.01,0,0.01,0.01,0,0,0.11
2015-07,90.94,2.51,3.3,1.2,0.52,0.3,0.34,0.09,0.19,0.09,0.13,0.06,0.01,0,0.05,0,0.03,0.06,0,0.03,0.01,0,0.01,0.01,0,0,0.12
2015-08,91.23,2.56,2.97,1.37,0.48,0.28,0.31,0.12,0.17,0.08,0.09,0.06,0,0,0.05,0,0.03,0.05,0,0.02,0.01,0,0.01,0.01,0,0,0.09
2015-09,91.31,2.75,2.89,1.11,0.52,0.31,0.3,0.13,0.16,0.08,0.1,0.07,0,0,0.05,0,0.02,0.06,0,0.02,0.01,0.01,0.01,0.01,0,0,0.09
2015-10,91.55,2.76,2.84,0.95,0.47,0.35,0.27,0.13,0.17,0.08,0.1,0.05,0,0,0.05,0,0.03,0.06,0,0.02,0.01,0.02,0.01,0.01,0,0,0.07
2015-11,91.5,2.82,2.96,0.89,0.4,0.38,0.24,0.12,0.17,0.08,0.1,0.05,0,0,0.04,0,0.04,0.07,0,0.02,0.01,0.01,0.01,0.01,0,0,0.06
2015-12,91.1,3.05,2.99,0.97,0.39,0.39,0.2,0.13,0.18,0.08,0.11,0.06,0,0.08,0.04,0,0.03,0.06,0,0.02,0.01,0.02,0.01,0.01,0,0,0.06
2016-01,91.01,3.16,2.96,0.92,0.4,0.34,0.18,0.12,0.23,0.12,0.11,0.06,0,0.08,0.04,0,0.04,0.06,0,0.02,0.01,0.01,0.01,0.01,0,0,0.08
2016-02,91.13,3.09,2.97,1,0.34,0.38,0.17,0.12,0.17,0.12,0.1,0.05,0,0.06,0.04,0,0.04,0.06,0,0.02,0.01,0.01,0.01,0.01,0,0,0.09
2016-03,91.71,2.84,2.75,1.01,0.37,0.36,0.15,0.11,0.08,0.11,0.11,0.05,0,0.03,0.04,0,0.06,0.06,0,0.02,0.01,0.01,0.01,0.01,0,0,0.08
2016-04,91.77,2.89,2.85,0.93,0.33,0.34,0.09,0.11,0.08,0.11,0.12,0.05,0,0.05,0.04,0,0.06,0.06,0,0.01,0.01,0.01,0.01,0,0,0,0.07
2016-05,91.76,2.8,2.88,1.03,0.33,0.32,0.08,0.11,0.07,0.1,0.11,0.06,0,0.09,0.04,0,0.05,0.06,0,0.01,0.01,0.01,0.01,0,0,0,0.06
2016-06,91.89,2.73,2.77,1.11,0.29,0.34,0.07,0.12,0.08,0.09,0.12,0.06,0,0.08,0.04,0,0.04,0.05,0,0.01,0.01,0.01,0.01,0,0,0,0.07
2016-07,91.7,2.6,2.77,1.4,0.34,0.32,0.06,0.12,0.09,0.09,0.13,0.05,0,0.09,0.04,0,0.03,0.05,0,0.01,0.01,0.01,0.01,0,0,0,0.06
2016-08,92.12,2.58,2.61,1.17,0.35,0.33,0.05,0.12,0.09,0.09,0.12,0.05,0,0.09,0.03,0,0.03,0.04,0,0.01,0.02,0.01,0.01,0,0,0,0.06
2016-09,92.54,2.62,2.4,1,0.33,0.32,0.05,0.11,0.07,0.08,0.13,0.06,0,0.09,0.03,0,0.03,0.04,0,0.01,0.01,0.01,0.01,0,0,0,0.05
2016-10,92.82,2.67,2.3,0.87,0.29,0.31,0.04,0.11,0.06,0.08,0.12,0.05,0,0.08,0.03,0,0.03,0.05,0,0.01,0.01,0.01,0.01,0,0,0,0.05
2016-11,92.99,2.67,2.18,0.83,0.29,0.34,0.04,0.11,0.06,0.06,0.11,0.04,0,0.06,0.03,0,0.05,0.05,0,0.01,0.03,0.01,0.01,0,0,0,0.04
2016-12,92.57,2.75,2.09,1.05,0.38,0.44,0.04,0.12,0.06,0.06,0.1,0.04,0,0.08,0.03,0,0.04,0.08,0,0.01,0.02,0.01,0,0,0,0,0.04
2017-01,92.78,2.55,2.17,0.93,0.36,0.45,0.04,0.14,0.06,0.04,0.09,0.06,0,0.08,0.03,0,0.05,0.08,0,0.01,0.03,0.01,0.01,0,0,0,0.04
2017-02,92.35,2.91,2.17,1.01,0.35,0.42,0.03,0.14,0.07,0.03,0.11,0.07,0,0.12,0.03,0,0.04,0.05,0,0.01,0.04,0.01,0,0,0,0,0.03
2017-03,92.31,2.96,2.2,1.05,0.35,0.38,0.03,0.16,0.08,0.03,0.11,0.05,0,0.12,0.02,0,0.04,0.04,0,0.01,0.03,0.01,0,0,0,0,0.03
2017-04,92.48,2.89,2.01,1.11,0.35,0.36,0.03,0.16,0.09,0.02,0.12,0.04,0,0.14,0.03,0,0.05,0.04,0,0.01,0.02,0.01,0.01,0,0,0,0.03
2017-05,92.06,2.92,2.07,1.39,0.34,0.35,0.03,0.16,0.11,0.03,0.14,0.03,0,0.14,0.03,0,0.09,0.04,0,0.01,0.02,0.01,0,0,0,0,0.03
2017-06,91.88,2.88,2.18,1.45,0.38,0.38,0.02,0.17,0.12,0.03,0.16,0.05,0,0.08,0.03,0,0.08,0.05,0,0.01,0.02,0.01,0,0,0,0,0.03
2017-07,92.01,2.55,2.23,1.44,0.49,0.4,0.02,0.18,0.1,0.02,0.15,0.07,0,0.14,0.03,0,0.04,0.04,0,0.01,0.03,0.01,0,0,0,0,0.03
2017-08,91.64,2.52,2.32,1.53,0.5,0.36,0.02,0.2,0.1,0.02,0.16,0.08,0,0.21,0.04,0,0.18,0.04,0,0.01,0.03,0.01,0,0,0,0,0.03
2017-09,91.84,2.59,2.33,1.42,0.41,0.39,0.02,0.21,0.1,0.02,0.16,0.07,0,0.09,0.03,0,0.22,0.03,0,0.01,0.02,0.01,0,0,0,0,0.03
2017-10,91.47,2.75,2.25,1.8,0.41,0.42,0.02,0.23,0.11,0.02,0.16,0.08,0,0.07,0.03,0,0.05,0.04,0,0.01,0.03,0.01,0,0,0,0,0.03
2017-11,92.06,2.76,1.73,1.64,0.36,0.5,0.01,0.22,0.16,0.01,0.17,0.08,0,0.07,0.03,0,0.05,0.04,0,0.01,0.04,0.01,0,0,0,0,0.04
2017-12,91.79,2.75,1.61,1.66,0.39,0.57,0.01,0.23,0.16,0.01,0.16,0.09,0,0.35,0.03,0,0.05,0.04,0,0.01,0.04,0.01,0,0,0,0,0.04
2018-01,91.74,2.76,1.83,1.39,0.36,0.58,0.01,0.23,0.16,0,0.13,0.11,0,0.45,0.03,0,0.05,0.04,0,0.01,0.05,0.01,0,0,0,0,0.04
2018-02,91.63,2.71,1.94,1.29,0.33,0.63,0.01,0.2,0.19,0,0.12,0.1,0,0.62,0.04,0,0.05,0.04,0,0.01,0.05,0.01,0,0,0,0,0.04
2018-03,91.24,3.07,2.13,1.5,0.23,0.68,0.01,0.25,0.19,0,0.16,0.09,0,0.22,0.04,0,0.02,0.04,0,0.01,0.06,0.01,0,0,0,0,0.04
2018-04,90.61,3.24,2.09,2.04,0.18,0.68,0.01,0.28,0.17,0,0.17,0.1,0,0.24,0.04,0,0,0.04,0,0.01,0.06,0.01,0,0,0,0,0.05
2018-05,90.14,3.24,2.08,2.18,0.18,0.62,0.01,0.28,0.17,0,0.13,0.12,0,0.58,0.04,0,0.01,0.04,0,0.01,0.1,0.01,0,0,0,0,0.05
2018-06,90.31,3.2,2.06,1.98,0.19,0.62,0.01,0.28,0.17,0,0.11,0.14,0,0.56,0.05,0,0.07,0.03,0,0,0.15,0.02,0,0,0,0,0.05
2018-07,90.46,3.13,2.21,1.94,0.23,0.61,0.01,0.27,0.16,0,0.11,0.1,0,0.39,0.04,0,0.1,0.03,0,0,0.13,0.02,0,0,0,0,0.05
2018-08,90.91,3.18,2.46,1.37,0.23,0.58,0.01,0.28,0.15,0,0.09,0.12,0,0.31,0.04,0,0.07,0.03,0,0,0.06,0.02,0,0,0,0,0.05
2018-09,92.31,2.27,2.51,0.85,0.31,0.61,0.01,0.33,0.18,0,0.08,0.1,0,0.18,0.04,0,0.08,0.04,0,0,0.02,0.02,0,0,0,0,0.05
2018-10,92.74,2.17,2.32,0.81,0.29,0.6,0.01,0.32,0.13,0,0.06,0.09,0,0.22,0.03,0,0.08,0.04,0,0,0.02,0.01,0,0,0,0,0.05
2018-11,92.37,2.37,2.25,0.96,0.3,0.63,0.01,0.36,0.13,0,0.07,0.08,0,0.22,0.03,0,0.1,0.04,0,0,0.01,0.01,0,0,0,0,0.05
2018-12,92.25,2.41,2.07,1.01,0.48,0.63,0.01,0.44,0.11,0,0.06,0.07,0,0.22,0.03,0,0.09,0.04,0,0,0.01,0.01,0,0,0,0,0.05
2019-01,92.86,2.41,1.82,0.89,0.35,0.59,0.01,0.41,0.1,0,0.05,0.06,0,0.19,0.03,0,0.12,0.03,0,0,0.01,0.01,0,0,0,0,0.05
2019-02,92.92,2.38,1.79,1.03,0.33,0.55,0.01,0.38,0.09,0,0.04,0.07,0,0.18,0.03,0,0.08,0.04,0,0,0.01,0.01,0,0,0,0,0.05
2019-03,92.51,2.45,1.83,0.95,0.6,0.55,0.01,0.38,0.09,0,0.05,0.14,0,0.22,0.03,0,0.08,0.04,0,0,0.01,0.01,0,0,0,0,0.06
2019-04,92.81,2.38,1.89,1.02,0.29,0.54,0.01,0.36,0.13,0,0.05,0.19,0,0.1,0.03,0,0.07,0.03,0,0,0.01,0.01,0,0,0,0,0.06
2019-05,91.89,2.41,2.76,0.94,0.32,0.52,0.01,0.38,0.14,0,0.04,0.24,0,0.1,0.04,0,0.1,0.03,0,0,0.01,0.01,0,0,0,0,0.05
2019-06,92.62,2.51,1.78,1.11,0.33,0.54,0.01,0.4,0.14,0,0.04,0.2,0,0.09,0.04,0,0.07,0.03,0,0,0.01,0.01,0,0,0,0,0.05
2019-07,92.18,2.62,1.86,1.21,0.37,0.55,0,0.54,0.12,0,0.04,0.18,0,0.07,0.04,0,0.07,0.03,0.04,0,0.01,0.01,0,0,0,0,0.05
2019-08,92.37,2.63,1.8,1.1,0.36,0.51,0,0.55,0.13,0,0.04,0.15,0,0.06,0.04,0,0.05,0.03,0.11,0,0.01,0.01,0,0,0,0,0.05
2019-09,92.96,2.34,1.64,0.92,0.39,0.47,0.01,0.43,0.12,0,0.04,0.24,0,0.09,0.03,0,0.08,0.03,0.14,0,0.01,0.01,0,0,0,0,0.05
2019-10,92.78,2.55,1.61,0.9,0.35,0.5,0.01,0.4,0.08,0,0.04,0.34,0,0.11,0.02,0,0.06,0.03,0.13,0,0.01,0.02,0,0,0,0,0.05
2019-11,92.95,2.31,1.6,0.85,0.54,0.55,0,0.41,0.1,0,0.04,0.25,0,0.1,0.02,0,0.03,0.03,0.13,0,0.01,0.02,0,0,0,0,0.05
2019-12,92.71,2.32,1.59,1.06,0.5,0.56,0,0.43,0.11,0,0.03,0.29,0,0.11,0.02,0,0.02,0.03,0.13,0,0.01,0.02,0,0,0,0,0.05
2020-01,92.51,2.45,1.64,1.1,0.38,0.54,0,0.44,0.08,0,0.03,0.44,0,0.08,0.03,0,0.02,0.03,0.14,0,0.01,0.02,0,0,0,0,0.06
2020-02,92.07,2.44,1.62,1.49,0.4,0.54,0.01,0.42,0.13,0,0.06,0.43,0,0.1,0.03,0,0.02,0.03,0.13,0,0.01,0.02,0,0,0,0,0.05
2020-03,91.98,2.55,1.66,1.44,0.45,0.52,0,0.41,0.22,0,0.07,0.29,0,0.09,0.03,0,0.02,0.03,0.14,0,0.01,0.02,0,0,0,0,0.05
2020-04,91.89,2.79,1.87,1.1,0.44,0.54,0,0.45,0.12,0,0.14,0.29,0,0.05,0.03,0,0.02,0.03,0.15,0,0.01,0.02,0,0,0,0,0.05
2020-05,92.06,2.61,1.79,1.16,0.56,0.52,0,0.47,0.14,0,0.06,0.28,0,0.04,0.04,0,0.03,0.02,0.14,0,0.01,0.02,0,0,0,0,0.05
2020-06,91.75,2.75,1.7,1.02,0.92,0.47,0,0.49,0.15,0,0.05,0.33,0,0.04,0.05,0,0.05,0.02,0.12,0,0.01,0.02,0,0,0,0,0.05
2020-07,92.17,2.78,1.6,0.92,0.85,0.44,0,0.5,0.1,0,0.05,0.22,0,0.04,0.04,0,0.06,0.02,0.11,0,0.01,0.02,0,0,0,0,0.05
2020-08,92.05,2.83,1.65,0.98,0.76,0.42,0,0.53,0.16,0,0.05,0.23,0,0.03,0.04,0,0.04,0.01,0.11,0,0.02,0.03,0,0,0,0,0.05
2020-09,92.27,2.83,1.58,1.14,0.5,0.43,0,0.5,0.17,0,0.05,0.2,0,0.03,0.03,0,0.03,0.02,0.11,0,0.03,0.02,0,0,0,0,0.05
2020-10,92.71,2.73,1.47,1.08,0.41,0.44,0,0.49,0.13,0,0.04,0.16,0,0.04,0.03,0,0.04,0.02,0.12,0,0.02,0.02,0,0,0,0,0.05
2020-11,92.16,2.88,1.52,1.14,0.51,0.43,0,0.61,0.13,0,0.04,0.21,0,0.04,0.03,0,0.04,0.02,0.14,0,0.02,0.02,0,0,0,0,0.06
2020-12,91.38,2.69,1.46,1.36,1,0.46,0,0.6,0.18,0,0.04,0.49,0,0.04,0.02,0,0.03,0.01,0.13,0,0.03,0.02,0,0,0,0,0.05
2021-01,91.86,2.71,1.46,1.13,0.87,0.44,0,0.66,0.15,0,0.04,0.35,0,0.03,0.03,0,0.03,0.01,0.13,0,0.02,0.02,0,0,0,0,0.05
2021-02,92.05,2.69,1.47,1.33,0.65,0.46,0,0.64,0.11,0,0.04,0.23,0,0.03,0.03,0,0.02,0.01,0.13,0,0.02,0.02,0,0,0,0,0.05
2021-03,92.4,2.45,1.48,1.31,0.55,0.47,0,0.59,0.12,0,0.04,0.26,0,0.03,0.03,0,0.02,0.01,0.13,0,0.02,0.02,0,0,0,0,0.05
2021-04,92.26,2.29,1.52,1.47,0.57,0.45,0,0.58,0.11,0,0.04,0.41,0,0.02,0.03,0,0.02,0.01,0.13,0,0.02,0.02,0,0,0,0,0.05
2021-05,92.2,2.27,1.5,1.45,0.68,0.44,0,0.59,0.12,0,0.03,0.39,0,0.03,0.04,0,0.02,0.01,0.13,0,0.01,0.03,0,0,0,0,0.05
2021-06,92.47,2.31,1.53,1.29,0.8,0.35,0,0.6,0.11,0,0.02,0.18,0,0.02,0.04,0,0.01,0.01,0.12,0,0.01,0.06,0,0,0,0,0.06
2021-07,91.84,2.33,1.47,1.5,1.38,0,0,0.6,0.14,0,0.02,0.38,0,0.02,0.05,0,0,0.01,0.11,0,0.02,0.04,0,0,0,0,0.08
2021-08,92.03,2.48,1.5,1.4,1.2,0,0,0.63,0.12,0,0.03,0.25,0,0.02,0.05,0,0,0.01,0.11,0,0.02,0.05,0,0,0,0,0.1
2021-09,92.04,2.66,1.48,1.64,0.9,0,0,0.61,0.1,0,0.05,0.15,0,0.03,0.03,0,0,0.01,0.12,0,0.01,0.05,0,0,0,0,0.1
2021-10,91.66,2.74,1.5,1.91,0.96,0,0,0.6,0.1,0,0.06,0.12,0,0.03,0.02,0,0,0.02,0.12,0,0.01,0.05,0,0,0,0,0.1
2021-11,91.42,3.14,1.53,1.75,0.92,0,0,0.66,0.11,0,0.02,0.1,0,0.02,0.02,0,0,0.01,0.13,0,0.01,0.05,0,0,0,0,0.11
2021-12,91.94,2.86,1.5,1.37,1.1,0,0,0.67,0.12,0,0.02,0.06,0,0.02,0.02,0,0,0.01,0.12,0,0.01,0.05,0,0,0,0,0.12
2022-01,91.9,2.88,1.51,1.14,1.28,0,0,0.69,0.12,0,0.02,0.07,0,0.02,0.03,0,0,0.01,0.12,0,0.01,0.06,0,0,0,0,0.13
2022-02,92,2.97,1.51,1.18,1.06,0,0,0.69,0.11,0,0.02,0.06,0,0.02,0.03,0,0,0.01,0.12,0,0.01,0.07,0,0,0,0,0.13
2022-03,91.56,3.1,1.47,1.5,1.07,0,0,0.69,0.12,0,0.03,0.05,0,0.02,0.03,0,0,0.01,0.12,0,0.01,0.06,0,0,0,0,0.16
2022-04,92.09,3.02,1.39,1.27,0.87,0,0,0.68,0.12,0,0.03,0.07,0,0.03,0.04,0,0,0.01,0.15,0,0.01,0.06,0,0,0,0,0.16
2022-05,92.48,3.08,1.3,0.79,1.05,0,0,0.62,0.15,0,0.03,0.06,0,0.02,0.04,0,0,0.01,0.13,0,0.01,0.06,0,0,0,0,0.15
2022-06,91.86,3.2,1.32,0.77,1.52,0,0,0.64,0.17,0,0.02,0.05,0,0.02,0.06,0,0,0.02,0.11,0,0.01,0.07,0,0,0,0,0.15
2022-07,91.46,3.29,1.34,0.91,1.48,0,0,0.71,0.2,0,0.03,0.15,0,0.02,0.06,0,0,0.02,0.11,0,0.01,0.08,0,0,0,0,0.15
2022-08,92,3.34,1.34,0.83,0.96,0,0,0.71,0.21,0,0.08,0.11,0,0.02,0.05,0,0,0.01,0.11,0,0.01,0.06,0,0,0,0,0.15
2022-09,92.42,3.45,1.32,0.65,0.78,0,0,0.62,0.2,0,0.06,0.08,0,0.02,0.04,0,0,0.01,0.11,0,0.01,0.06,0,0,0,0,0.14
2022-10,92.34,3.59,1.31,0.58,0.82,0,0.01,0.62,0.17,0,0.05,0.1,0,0.03,0.03,0,0,0.01,0.11,0,0.01,0.09,0,0,0,0,0.14
2022-11,92.21,3.42,1.23,0.78,0.97,0,0.01,0.6,0.17,0,0.07,0.12,0,0.02,0.02,0,0,0,0.1,0,0.01,0.15,0,0,0,0,0.12
2022-12,92.58,3.03,1.24,0.73,1,0,0.01,0.58,0.19,0,0.06,0.15,0,0.04,0.03,0,0,0,0.1,0,0.01,0.14,0,0,0,0,0.12
2023-01,92.9,3.03,1.21,0.65,0.85,0,0,0.58,0.21,0,0.04,0.12,0,0.02,0.03,0,0,0,0.1,0,0.01,0.13,0,0,0,0,0.11
2023-02,93.37,2.81,1.13,0.45,0.84,0,0,0.52,0.24,0,0.04,0.11,0,0.02,0.03,0,0,0,0.08,0,0.01,0.2,0,0,0,0,0.14
2023-03,93.21,2.86,1.13,0.43,0.97,0,0,0.54,0.23,0,0.04,0.11,0,0.02,0.04,0,0,0,0.09,0,0.01,0.2,0,0,0,0,0.12
2023-04,92.82,2.76,1.11,0.45,1.43,0,0,0.54,0.24,0,0.04,0.1,0,0.02,0.04,0,0,0,0.08,0,0.01,0.22,0,0,0,0,0.13
2023-05,93.11,2.77,1.11,0.49,1.15,0,0,0.51,0.21,0,0.04,0.09,0,0.02,0.04,0,0,0,0.08,0,0.01,0.23,0,0,0,0,0.12
2023-06,92.64,2.77,1.09,0.84,1.17,0,0,0.51,0.21,0,0.04,0.19,0,0.04,0.06,0,0,0,0.08,0,0.01,0.26,0,0,0,0,0.09
2023-07,92.07,2.99,1.17,0.94,1.37,0,0,0.56,0.21,0,0.11,0.14,0,0.06,0.07,0,0,0,0.1,0,0.01,0.14,0,0,0,0,0.06
2023-08,91.85,3.03,1.17,1.06,1.49,0,0,0.54,0.19,0.01,0.16,0.08,0,0.06,0.06,0,0,0,0.1,0,0.01,0.14,0,0,0,0,0.06
2023-09,91.58,3.01,1.24,1,1.81,0,0,0.58,0.18,0.01,0.08,0.09,0,0.04,0.04,0,0,0.02,0.1,0,0.01,0.14,0,0,0,0,0.06
2023-10,91.56,3.1,1.2,1.02,1.84,0,0,0.54,0.18,0.01,0.08,0.07,0,0.03,0.03,0,0,0,0.11,0,0.01,0.14,0,0,0,0,0.06
2023-11,91.54,3.2,1.22,0.93,1.78,0,0.01,0.55,0.22,0.02,0.08,0.06,0,0.03,0.03,0,0,0,0.1,0,0.01,0.15,0,0,0,0,0.06
2023-12,91.62,3.37,1.12,0.96,1.65,0,0,0.51,0.21,0.01,0.09,0.07,0,0.03,0.03,0,0,0,0.1,0,0.01,0.16,0,0,0,0,0.06
2024-01,91.47,3.43,1.1,0.83,1.78,0,0,0.54,0.27,0.02,0.09,0.07,0,0.04,0.03,0,0,0,0.09,0,0.01,0.17,0,0,0,0,0.06
2024-02,91.61,3.32,1.08,0.77,1.83,0,0,0.53,0.27,0.02,0.11,0.07,0,0.04,0.03,0,0,0,0.09,0,0.01,0.14,0,0,0,0,0.07
2024-03,91.38,3.35,1.1,1,1.65,0,0,0.53,0.29,0.01,0.22,0.07,0,0.04,0.03,0,0,0.01,0.09,0,0.01,0.15,0,0,0,0,0.06
2024-04,90.91,3.64,1.13,1.15,1.61,0,0,0.55,0.31,0.01,0.18,0.09,0,0.04,0.04,0,0,0,0.09,0,0.01,0.18,0,0,0,0,0.06
2024-05,90.8,3.72,1.2,0.92,1.58,0,0,0.56,0.5,0.01,0.19,0.1,0,0.05,0.06,0,0,0,0.09,0,0.01,0.16,0,0,0,0,0.05
2024-06,91.06,3.72,1.26,0.87,1.45,0,0,0.6,0.39,0.02,0.14,0.09,0,0.04,0.06,0,0,0,0.1,0,0.01,0.12,0,0,0,0,0.06
2024-07,91.02,3.88,1.24,0.91,1.37,0,0,0.62,0.37,0.02,0.12,0.08,0,0.03,0.05,0,0,0,0.1,0,0.01,0.13,0,0,0,0,0.06
2024-08,90.5,3.91,1.32,0.79,1.95,0,0,0.64,0.3,0.02,0.11,0.06,0,0.04,0.05,0,0,0,0.11,0,0.01,0.14,0,0,0,0,0.06
2024-09,90,3.96,1.35,0.81,2.35,0,0,0.65,0.32,0.02,0.11,0.04,0,0.02,0.05,0,0,0,0.11,0,0.01,0.13,0,0,0,0,0.07
2024-10,89.34,4.16,1.33,0.82,2.78,0,0,0.69,0.35,0.02,0.09,0.03,0,0.02,0.03,0,0,0,0.11,0,0.01,0.15,0,0,0,0,0.06
